id;total;reference;date;doctor_id
1;37454;Directives application Home Loan Account;2020-04-19;1
2;44583;Small;2020-04-18;2
3;86617;Savings Account alarm;2020-04-19;3
4;5641;transmitter Implementation Electronics;2020-04-18;4
5;18340;methodology Albania;2020-04-18;5
6;2306;Namibia;2020-04-18;6
7;13949;zero administration;2020-04-18;7
8;23277;Licensed Savings Account;2020-04-18;8
9;51423;Mississippi Refined Rubber Chicken Table;2020-04-19;9
10;1326;Usability South Dakota envisioneer;2020-04-19;10
