id;name;firstname;job;specialist;address;tel;medical_service_id
1;mobile Fish;Home Loan Account Table Computer;Trace;false;Metal deposit;Producer;1
2;Implementation Electronics Officer;methodology Albania;Home Namibia;false;Gorgeous Frozen Pants;Common;2
3;Savings Account syndicate Planner;Refined Rubber Chicken Table;Automotive;true;South Dakota envisioneer Music;Nakfa;3
4;Bahamian Dollar Investment Account;Games Regional Digitized;copy convergence;false;Georgia Industrial;connect Markets Chief;4
5;capacitor archive;sky blue Tasty Plastic Pizza;compress South Georgia and the South Sandwich Islands;true;Specialist Home Loan Account;Plastic;5
6;Car Industrial deliverables;orange Books;magenta monitor 1080p;true;Identity;Frozen IB;6
7;Highway Ergonomic;moratorium moratorium;New York tangible Mississippi;false;Developer;synthesize Idaho compress;7
8;Sleek Metal Table Small;Intelligent Outdoors;Harbor Montana;true;Concrete Investment Account Saint Lucia;User-centric;8
9;Money Market Account;Salad Web virtual;Refined Squares;false;e-business;Ghana back-end National;9
10;Direct;Profit-focused;Jewelery cutting-edge;false;Hat;supply-chains magenta;10
